id;prenom;nom;adresse;email;sexe
1;incubate;Clothing Business-focused Pers;../fake-data/blob/hipster.txt;Aniyah.Wiegand@yahoo.com;FEMININ
2;calculating Customer;overriding;../fake-data/blob/hipster.txt;Adalberto.Lueilwitz@hotmail.com;MASCULIN
3;Handmade Fresh Mouse Jewelery;Home ivory;../fake-data/blob/hipster.txt;Kyleigh74@yahoo.com;MASCULIN
4;Expanded one-to-one Credit Car;UAE Dirham;../fake-data/blob/hipster.txt;Isom_McDermott@hotmail.com;MASCULIN
5;magenta;Computers Florida Cambridgeshi;../fake-data/blob/hipster.txt;Jamarcus_Douglas82@yahoo.com;FEMININ
6;Peru flexibility;Paradigm Hawaii Monaco;../fake-data/blob/hipster.txt;Don_Parisian48@hotmail.com;FEMININ
7;deploy auxiliary;Namibia National;../fake-data/blob/hipster.txt;William93@yahoo.com;FEMININ
8;infrastructures B2C RSS;success;../fake-data/blob/hipster.txt;Darrick7@gmail.com;FEMININ
9;Fall Buckinghamshire;interactive solid state Face t;../fake-data/blob/hipster.txt;Phyllis_Monahan@hotmail.com;FEMININ
10;strategic visualize;Frozen innovate;../fake-data/blob/hipster.txt;Eldon.Bartoletti@gmail.com;MASCULIN
